-- MySQL Script generated by MySQL Workbench
-- Sat Aug 17 18:49:56 2019
-- Model: New Model    Version: 1.0
-- MySQL Workbench Forward Engineering

SET @OLD_UNIQUE_CHECKS=@@UNIQUE_CHECKS, UNIQUE_CHECKS=0;
SET @OLD_FOREIGN_KEY_CHECKS=@@FOREIGN_KEY_CHECKS, FOREIGN_KEY_CHECKS=0;
SET @OLD_SQL_MODE=@@SQL_MODE, SQL_MODE='ONLY_FULL_GROUP_BY,STRICT_TRANS_TABLES,NO_ZERO_IN_DATE,NO_ZERO_DATE,ERROR_FOR_DIVISION_BY_ZERO,NO_ENGINE_SUBSTITUTION';

-- -----------------------------------------------------
-- Schema kostyuk_db
-- -----------------------------------------------------
DROP SCHEMA IF EXISTS `kostyuk_db` ;

-- -----------------------------------------------------
-- Schema kostyuk_db
-- -----------------------------------------------------
CREATE SCHEMA IF NOT EXISTS `kostyuk_db` DEFAULT CHARACTER SET utf8 ;
USE `kostyuk_db` ;

-- -----------------------------------------------------
-- Table `kostyuk_db`.`users`
-- -----------------------------------------------------
DROP TABLE IF EXISTS `kostyuk_db`.`users` ;

CREATE TABLE IF NOT EXISTS `kostyuk_db`.`users` (
  `id_user` INT UNSIGNED NOT NULL AUTO_INCREMENT,
  `nick_name` VARCHAR(45) NOT NULL,
  `foto` VARCHAR(255) NULL DEFAULT '0 or 1',
  `last_login` DATETIME GENERATED ALWAYS AS (null) VIRTUAL,
  `url` VARCHAR(255) CHARACTER SET 'ascii' GENERATED ALWAYS AS (null) VIRTUAL,
  PRIMARY KEY (`id_user`),
  INDEX `CHECK` (`foto` ASC) VISIBLE,
  CONSTRAINT `P.K.POST`
    FOREIGN KEY (`id_user`)
    REFERENCES `kostyuk_db`.`posts` (`id_user`)
    ON DELETE NO ACTION
    ON UPDATE NO ACTION,
  CONSTRAINT `P.K.TAGS`
    FOREIGN KEY (`id_user`)
    REFERENCES `kostyuk_db`.`tags` (`id_user`)
    ON DELETE NO ACTION
    ON UPDATE NO ACTION,
  CONSTRAINT `P.K.PREFERENCES`
    FOREIGN KEY (`id_user`)
    REFERENCES `kostyuk_db`.`preferences` (`id_user`)
    ON DELETE NO ACTION
    ON UPDATE NO ACTION,
  CONSTRAINT `P.K.COMMENTS`
    FOREIGN KEY (`id_user`)
    REFERENCES `kostyuk_db`.`comments_under_posts` (`id_user`)
    ON DELETE NO ACTION
    ON UPDATE NO ACTION,
  CONSTRAINT `P.K.PREFERENCES_COMMENTS`
    FOREIGN KEY (`id_user`)
    REFERENCES `kostyuk_db`.`preferences_comments` (`id_user`)
    ON DELETE NO ACTION
    ON UPDATE NO ACTION)
ENGINE = InnoDB;
INSERT INTO `users` (`id_user`,`nick_name`,`foto`) VALUES (1,'vlad','pass.jpg');
INSERT INTO `users` (`id_user`,`nick_name`,`foto`) VALUES (2,'ihor',NULL);
INSERT INTO `users` (`id_user`,`nick_name`,`foto`) VALUES (3,'vita','pass.png');
INSERT INTO `users` (`id_user`,`nick_name`,`foto`) VALUES (4,'jummy','pass.png');
INSERT INTO `users` (`id_user`,`nick_name`,`foto`) VALUES (5,'ranold',NULL);
INSERT INTO `users` (`id_user`,`nick_name`,`foto`) VALUES (6,'live',NULL);
INSERT INTO `users` (`id_user`,`nick_name`,`foto`) VALUES (7,'nasa','pass.jpg');
INSERT INTO `users` (`id_user`,`nick_name`,`foto`) VALUES (8,'dog','dog.jpg');
INSERT INTO `users` (`id_user`,`nick_name`,`foto`) VALUES (9,'mars','pass.jpg');
INSERT INTO `users` (`id_user`,`nick_name`,`foto`) VALUES (10,'world',NULL);
-- -----------------------------------------------------
-- Table `kostyuk_db`.`posts`
-- -----------------------------------------------------
DROP TABLE IF EXISTS `kostyuk_db`.`posts` ;

CREATE TABLE IF NOT EXISTS `kostyuk_db`.`posts` (
  `id_post` INT UNSIGNED NOT NULL AUTO_INCREMENT,
  `id_user` INT UNSIGNED NOT NULL,
  `date` DATETIME ,
  `description` VARCHAR(512) NULL,
  `type` INT ,
  INDEX `id_user_I` (`id_user` ASC) INVISIBLE,
  PRIMARY KEY (`id_post`),
  CONSTRAINT `id_fotos_and_videos_I`
    FOREIGN KEY (`id_post`)
    REFERENCES `kostyuk_db`.`fotos_and_videos` (`id_post`)
    ON DELETE NO ACTION
    ON UPDATE NO ACTION,
  CONSTRAINT `id_preferences_I`
    FOREIGN KEY (`id_post`)
    REFERENCES `kostyuk_db`.`preferences` (`id_post`)
    ON DELETE NO ACTION
    ON UPDATE NO ACTION,
  CONSTRAINT `id_comments_under_posts_I`
    FOREIGN KEY (`id_post`)
    REFERENCES `kostyuk_db`.`comments_under_posts` (`id_post`)
    ON DELETE NO ACTION
    ON UPDATE NO ACTION,
  CONSTRAINT `id_tags_I`
    FOREIGN KEY (`id_post`)
    REFERENCES `kostyuk_db`.`tags` (`id_post`)
    ON DELETE NO ACTION
    ON UPDATE NO ACTION)
ENGINE = InnoDB;
INSERT INTO `posts` (`id_post`,`id_user`,`date`,`description`,`type`) VALUES (1,8,'12.09.2018','hellow world',0);
INSERT INTO `posts` (`id_post`,`id_user`,`date`,`description`,`type`) VALUES (2,8,'13.09.2019','you can ',1);
INSERT INTO `posts` (`id_post`,`id_user`,`date`,`description`,`type`) VALUES (3,8,'15.04.2019',NULL,1);
INSERT INTO `posts` (`id_post`,`id_user`,`date`,`description`,`type`) VALUES (4,5,'21.08.2018',NULL,1);
INSERT INTO `posts` (`id_post`,`id_user`,`date`,`description`,`type`) VALUES (5,3,'11.01.2019','i see you',1);
INSERT INTO `posts` (`id_post`,`id_user`,`date`,`description`,`type`) VALUES (6,4,'12.10.2019',NULL,1);
INSERT INTO `posts` (`id_post`,`id_user`,`date`,`description`,`type`) VALUES (7,7,'08.09.2018','mars',0);
INSERT INTO `posts` (`id_post`,`id_user`,`date`,`description`,`type`) VALUES (8,7,'09.10.2017','sun',0);
INSERT INTO `posts` (`id_post`,`id_user`,`date`,`description`,`type`) VALUES (9,7,'09.02.2019','world',1);
INSERT INTO `posts` (`id_post`,`id_user`,`date`,`description`,`type`) VALUES (10,10,'18.05.2018','okey',0);

-- -----------------------------------------------------
-- Table `kostyuk_db`.`comments_under_posts`
-- -----------------------------------------------------
DROP TABLE IF EXISTS `kostyuk_db`.`comments_under_posts` ;

CREATE TABLE IF NOT EXISTS `kostyuk_db`.`comments_under_posts` (
  `id_comment` INT UNSIGNED NOT NULL,
  `id_answer` INT UNSIGNED NULL,
  `id_post` INT UNSIGNED NOT NULL,
  `id_user` INT UNSIGNED NOT NULL,
  `text` VARCHAR(251) NOT NULL,
  INDEX `id_user_I` (`id_user` ASC) VISIBLE,
  INDEX `id_post_I` (`id_post` ASC) VISIBLE,
  PRIMARY KEY (`id_comment`),
  INDEX `id_answer_I` (`id_answer` ASC) VISIBLE,
  CONSTRAINT `P.K`
    FOREIGN KEY (`id_comment`)
    REFERENCES `kostyuk_db`.`preferences_comments` (`id_comment`)
    ON DELETE NO ACTION
    ON UPDATE NO ACTION)
ENGINE = InnoDB;

INSERT INTO `comments_under_posts` (`id_comment`,`id_answer`,`id_post`,`id_user`,`text`) VALUES (1,NULL,7,1,'very beautiful');
INSERT INTO `comments_under_posts` (`id_comment`,`id_answer`,`id_post`,`id_user`,`text`) VALUES (2,NULL,8,2,'very good image');
INSERT INTO `comments_under_posts` (`id_comment`,`id_answer`,`id_post`,`id_user`,`text`) VALUES (3,NULL,9,3,'nice');
INSERT INTO `comments_under_posts` (`id_comment`,`id_answer`,`id_post`,`id_user`,`text`) VALUES (4,1,7,7,'thx');
INSERT INTO `comments_under_posts` (`id_comment`,`id_answer`,`id_post`,`id_user`,`text`) VALUES (5,2,8,7,'thx');
INSERT INTO `comments_under_posts` (`id_comment`,`id_answer`,`id_post`,`id_user`,`text`) VALUES (6,3,9,7,'you  a right');
INSERT INTO `comments_under_posts` (`id_comment`,`id_answer`,`id_post`,`id_user`,`text`) VALUES (7,NULL,7,2,'very big mars');
INSERT INTO `comments_under_posts` (`id_comment`,`id_answer`,`id_post`,`id_user`,`text`) VALUES (8,NULL,7,3,'where a you download this foto?');
INSERT INTO `comments_under_posts` (`id_comment`,`id_answer`,`id_post`,`id_user`,`text`) VALUES (9,8,7,7,'i don\'t say you)');
INSERT INTO `comments_under_posts` (`id_comment`,`id_answer`,`id_post`,`id_user`,`text`) VALUES (10,NULL,1,6,'very  good foto!');


-- -----------------------------------------------------
-- Table `kostyuk_db`.`fotos_and_videos`
-- -----------------------------------------------------
DROP TABLE IF EXISTS `kostyuk_db`.`fotos_and_videos` ;

CREATE TABLE IF NOT EXISTS `kostyuk_db`.`fotos_and_videos` (
  `id_post` INT UNSIGNED NOT NULL,
  `id_foto_or video` INT UNSIGNED NOT NULL AUTO_INCREMENT,
  `foto_or_video` VARCHAR(255) NOT NULL,
  `type` ENUM('foto', 'video') NOT NULL,
  INDEX `id_post_I` (`id_post` ASC) VISIBLE,
  INDEX `CHECK` (`type` ASC) VISIBLE,
  PRIMARY KEY (`id_foto_or video`))
ENGINE = InnoDB;

INSERT INTO `fotos_and_videos` (`id_post`,`id_foto_or video`,`foto_or_video`,`type`) VALUES (1,1,'image.png','foto');
INSERT INTO `fotos_and_videos` (`id_post`,`id_foto_or video`,`foto_or_video`,`type`) VALUES (2,2,'image.jpg','foto');
INSERT INTO `fotos_and_videos` (`id_post`,`id_foto_or video`,`foto_or_video`,`type`) VALUES (3,3,'image.png','foto');
INSERT INTO `fotos_and_videos` (`id_post`,`id_foto_or video`,`foto_or_video`,`type`) VALUES (5,4,'helloword.avi','video');
INSERT INTO `fotos_and_videos` (`id_post`,`id_foto_or video`,`foto_or_video`,`type`) VALUES (6,5,'myhome.mpeg','video');
INSERT INTO `fotos_and_videos` (`id_post`,`id_foto_or video`,`foto_or_video`,`type`) VALUES (7,6,'mars.png','foto');
INSERT INTO `fotos_and_videos` (`id_post`,`id_foto_or video`,`foto_or_video`,`type`) VALUES (8,7,'mars','video');
INSERT INTO `fotos_and_videos` (`id_post`,`id_foto_or video`,`foto_or_video`,`type`) VALUES (9,8,'world.jpg','foto');
INSERT INTO `fotos_and_videos` (`id_post`,`id_foto_or video`,`foto_or_video`,`type`) VALUES (10,9,'video.avi','video');
INSERT INTO `fotos_and_videos` (`id_post`,`id_foto_or video`,`foto_or_video`,`type`) VALUES (4,10,'ice.png','foto');




-- -----------------------------------------------------
-- Table `kostyuk_db`.`preferences`
-- -----------------------------------------------------
DROP TABLE IF EXISTS `kostyuk_db`.`preferences` ;

CREATE TABLE IF NOT EXISTS `kostyuk_db`.`preferences` (
  `id_user` INT UNSIGNED NOT NULL,
  `id_post` INT UNSIGNED NOT NULL,
  `date` DATETIME ,
  INDEX `id_user_I` (`id_user` ASC) VISIBLE,
  INDEX `id_post_I` (`id_post` ASC) VISIBLE)
ENGINE = InnoDB;
INSERT INTO `preferences` (`id_user`,`id_post`,`date`) VALUES (1,7,NULL);
INSERT INTO `preferences` (`id_user`,`id_post`,`date`) VALUES (1,8,NULL);
INSERT INTO `preferences` (`id_user`,`id_post`,`date`) VALUES (1,9,NULL);
INSERT INTO `preferences` (`id_user`,`id_post`,`date`) VALUES (2,1,NULL);
INSERT INTO `preferences` (`id_user`,`id_post`,`date`) VALUES (3,2,NULL);
INSERT INTO `preferences` (`id_user`,`id_post`,`date`) VALUES (4,3,NULL);
INSERT INTO `preferences` (`id_user`,`id_post`,`date`) VALUES (5,1,NULL);
INSERT INTO `preferences` (`id_user`,`id_post`,`date`) VALUES (5,3,NULL);
INSERT INTO `preferences` (`id_user`,`id_post`,`date`) VALUES (7,2,NULL);
INSERT INTO `preferences` (`id_user`,`id_post`,`date`) VALUES (10,4,NULL);

-- -----------------------------------------------------
-- Table `kostyuk_db`.`preferences_comments`
-- -----------------------------------------------------
DROP TABLE IF EXISTS `kostyuk_db`.`preferences_comments` ;

CREATE TABLE IF NOT EXISTS `kostyuk_db`.`preferences_comments` (
  `id_comment` INT UNSIGNED NOT NULL,
  `id_user` INT UNSIGNED NOT NULL,
  INDEX `id_comment_I` (`id_comment` ASC) VISIBLE,
  INDEX `id_user_I` (`id_user` ASC) VISIBLE)
ENGINE = InnoDB;

INSERT INTO `preferences_comments` (`id_comment`,`id_user`) VALUES (1,7);
INSERT INTO `preferences_comments` (`id_comment`,`id_user`) VALUES (2,7);
INSERT INTO `preferences_comments` (`id_comment`,`id_user`) VALUES (3,7);
INSERT INTO `preferences_comments` (`id_comment`,`id_user`) VALUES (7,7);
INSERT INTO `preferences_comments` (`id_comment`,`id_user`) VALUES (8,2);
INSERT INTO `preferences_comments` (`id_comment`,`id_user`) VALUES (9,3);
INSERT INTO `preferences_comments` (`id_comment`,`id_user`) VALUES (4,1);
INSERT INTO `preferences_comments` (`id_comment`,`id_user`) VALUES (5,2);
INSERT INTO `preferences_comments` (`id_comment`,`id_user`) VALUES (6,3);
INSERT INTO `preferences_comments` (`id_comment`,`id_user`) VALUES (10,8);

-- -----------------------------------------------------
-- Table `kostyuk_db`.`tags`
-- -----------------------------------------------------
DROP TABLE IF EXISTS `kostyuk_db`.`tags` ;

CREATE TABLE IF NOT EXISTS `kostyuk_db`.`tags` (
  `id_user` INT UNSIGNED NOT NULL,
  `id_post` INT UNSIGNED NOT NULL,
  `tag` VARCHAR(45) NOT NULL,
  INDEX `id_user_I` (`id_user` ASC) INVISIBLE,
  INDEX `id_post_I` (`id_post` ASC) VISIBLE)
ENGINE = InnoDB;
INSERT INTO `tags` (`id_user`,`id_post`,`tag`) VALUES (7,7,'mars');
INSERT INTO `tags` (`id_user`,`id_post`,`tag`) VALUES (7,8,'sun');
INSERT INTO `tags` (`id_user`,`id_post`,`tag`) VALUES (7,9,'world');
INSERT INTO `tags` (`id_user`,`id_post`,`tag`) VALUES (8,1,'hellow world');
INSERT INTO `tags` (`id_user`,`id_post`,`tag`) VALUES (8,2,'my friend');
INSERT INTO `tags` (`id_user`,`id_post`,`tag`) VALUES (8,3,'my home');
INSERT INTO `tags` (`id_user`,`id_post`,`tag`) VALUES (3,5,'my cat');
INSERT INTO `tags` (`id_user`,`id_post`,`tag`) VALUES (4,6,'eat');
INSERT INTO `tags` (`id_user`,`id_post`,`tag`) VALUES (5,4,'my dog');
INSERT INTO `tags` (`id_user`,`id_post`,`tag`) VALUES (10,10,'okey');




SET SQL_MODE=@OLD_SQL_MODE;
SET FOREIGN_KEY_CHECKS=@OLD_FOREIGN_KEY_CHECKS;
SET UNIQUE_CHECKS=@OLD_UNIQUE_CHECKS;
