-- MySQL Script generated by MySQL Workbench
-- Sat Sep 14 21:45:18 2019
-- Model: New Model    Version: 1.0
-- MySQL Workbench Forward Engineering

SET @OLD_UNIQUE_CHECKS=@@UNIQUE_CHECKS, UNIQUE_CHECKS=0;
SET @OLD_FOREIGN_KEY_CHECKS=@@FOREIGN_KEY_CHECKS, FOREIGN_KEY_CHECKS=0;
SET @OLD_SQL_MODE=@@SQL_MODE, SQL_MODE='ONLY_FULL_GROUP_BY,STRICT_TRANS_TABLES,NO_ZERO_IN_DATE,NO_ZERO_DATE,ERROR_FOR_DIVISION_BY_ZERO,NO_ENGINE_SUBSTITUTION';

-- -----------------------------------------------------
-- Schema kostyuk_db
-- -----------------------------------------------------
DROP SCHEMA IF EXISTS `kostyuk_db` ;

-- -----------------------------------------------------
-- Schema kostyuk_db
-- -----------------------------------------------------
CREATE SCHEMA IF NOT EXISTS `kostyuk_db` DEFAULT CHARACTER SET utf8 ;
USE `kostyuk_db` ;

-- -----------------------------------------------------
-- Table `kostyuk_db`.`blacklist`
-- -----------------------------------------------------
DROP TABLE IF EXISTS `kostyuk_db`.`blacklist` ;

CREATE TABLE IF NOT EXISTS `kostyuk_db`.`blacklist` (
  `user_id` INT UNSIGNED NOT NULL,
  `locking_user_id` INT UNSIGNED NOT NULL,
  `locking_time` DATETIME GENERATED ALWAYS AS (null) VIRTUAL,
  INDEX `P.K_id_user_blacklist_idx` (`user_id` ASC) INVISIBLE,
  INDEX `P.K_id_user_locking_idx` (`locking_user_id` ASC) VISIBLE,
  CONSTRAINT `P.K_id_user_blacklist`
    FOREIGN KEY (`user_id`)
    REFERENCES `kostyuk_db`.`user` (`id_user`)
    ON DELETE NO ACTION
    ON UPDATE NO ACTION,
  CONSTRAINT `P.K_id_user_locking`
    FOREIGN KEY (`locking_user_id`)
    REFERENCES `kostyuk_db`.`user` (`id_user`)
    ON DELETE NO ACTION
    ON UPDATE NO ACTION)
ENGINE = InnoDB;

INSERT INTO `blacklist` (`user_id`, `locking_user_id`) VALUES (1, 2);
INSERT INTO `blacklist` (`user_id`, `locking_user_id`) VALUES (2, 3);
INSERT INTO `blacklist` (`user_id`, `locking_user_id`) VALUES (3, 1);
INSERT INTO `blacklist` (`user_id`, `locking_user_id`) VALUES (10, 1);
INSERT INTO `blacklist` (`user_id`, `locking_user_id`) VALUES (4, 2);
INSERT INTO `blacklist` (`user_id`, `locking_user_id`) VALUES (6, 4);
INSERT INTO `blacklist` (`user_id`, `locking_user_id`) VALUES (5, 2);
INSERT INTO `blacklist` (`user_id`, `locking_user_id`) VALUES (9, 10);
INSERT INTO `blacklist` (`user_id`, `locking_user_id`) VALUES (7, 7);
INSERT INTO `blacklist` (`user_id`, `locking_user_id`) VALUES (2, 9);


-- -----------------------------------------------------
-- Table `kostyuk_db`.`comment`
-- -----------------------------------------------------
DROP TABLE IF EXISTS `kostyuk_db`.`comment` ;

CREATE TABLE IF NOT EXISTS `kostyuk_db`.`comment` (
  `id_comment` INT UNSIGNED NOT NULL,
  `id_answer` INT UNSIGNED NULL,
  `id_post` INT UNSIGNED NOT NULL,
  `id_user` INT UNSIGNED NOT NULL,
  `text` TEXT(1000) NOT NULL,
  PRIMARY KEY (`id_comment`),
  INDEX `P.K_id_answer_idx` (`id_answer` ASC) INVISIBLE,
  CONSTRAINT `P.K_id_user_comment`
    FOREIGN KEY (`id_user`)
    REFERENCES `kostyuk_db`.`user` (`id_user`)
    ON DELETE NO ACTION
    ON UPDATE NO ACTION,
  CONSTRAINT `P.K_id_post_comment`
    FOREIGN KEY (`id_post`)
    REFERENCES `kostyuk_db`.`post` (`id_post`)
    ON DELETE NO ACTION
    ON UPDATE NO ACTION,
  CONSTRAINT `P.K_id_answer`
    FOREIGN KEY (`id_answer`)
    REFERENCES `kostyuk_db`.`comment` (`id_comment`)
    ON DELETE NO ACTION
    ON UPDATE NO ACTION)
ENGINE = InnoDB;

INSERT INTO `comment` (`id_comment`,`id_answer`,`id_post`,`id_user`,`text`) VALUES (1,NULL,7,1,'very beautiful');
INSERT INTO `comment` (`id_comment`,`id_answer`,`id_post`,`id_user`,`text`) VALUES (2,NULL,8,2,'very good image');
INSERT INTO `comment` (`id_comment`,`id_answer`,`id_post`,`id_user`,`text`) VALUES (3,NULL,9,3,'nice');
INSERT INTO `comment` (`id_comment`,`id_answer`,`id_post`,`id_user`,`text`) VALUES (4,1,7,7,'thx');
INSERT INTO `comment` (`id_comment`,`id_answer`,`id_post`,`id_user`,`text`) VALUES (5,2,8,7,'thx');
INSERT INTO `comment` (`id_comment`,`id_answer`,`id_post`,`id_user`,`text`) VALUES (6,3,9,7,'you  a right');
INSERT INTO `comment` (`id_comment`,`id_answer`,`id_post`,`id_user`,`text`) VALUES (7,NULL,7,2,'very big mars');
INSERT INTO `comment` (`id_comment`,`id_answer`,`id_post`,`id_user`,`text`) VALUES (8,NULL,7,3,'where a you download this foto?');
INSERT INTO `comment` (`id_comment`,`id_answer`,`id_post`,`id_user`,`text`) VALUES (9,8,7,7,'i don\'t say you)');
INSERT INTO `comment` (`id_comment`,`id_answer`,`id_post`,`id_user`,`text`) VALUES (10,NULL,1,6,'very  good foto!');

-- -----------------------------------------------------
-- Table `kostyuk_db`.`foto_and_video`
-- -----------------------------------------------------
DROP TABLE IF EXISTS `kostyuk_db`.`foto_and_video` ;

CREATE TABLE IF NOT EXISTS `kostyuk_db`.`foto_and_video` (
  `id_foto_or_video` INT UNSIGNED NOT NULL,
  `id_post` INT UNSIGNED NOT NULL AUTO_INCREMENT,
  `id_media_type` INT UNSIGNED NOT NULL,
  `format` VARCHAR(255) NOT NULL,
  `url` VARCHAR(45) NOT NULL,
  INDEX `CHECK` (`format` ASC) VISIBLE,
  INDEX `P.K_id_post_foto_and_video_idx` (`id_post` ASC) VISIBLE,
  PRIMARY KEY (`id_foto_or_video`),
  INDEX `P.K_id_media_type_idx` (`id_media_type` ASC) VISIBLE,
  CONSTRAINT `P.K_id_post_foto_and_video`
    FOREIGN KEY (`id_post`)
    REFERENCES `kostyuk_db`.`post` (`id_post`)
    ON DELETE NO ACTION
    ON UPDATE NO ACTION,
  CONSTRAINT `P.K_id_media_type`
    FOREIGN KEY (`id_media_type`)
    REFERENCES `kostyuk_db`.`media_type` (`id_media_type`)
    ON DELETE NO ACTION
    ON UPDATE NO ACTION)
ENGINE = InnoDB;

INSERT INTO `foto_and_video` (`id_foto_or_video`,`id_post`,`format`,`id_media_type`,`url`) VALUES (1,1,'png','1','D/content/foto');
INSERT INTO `foto_and_video` (`id_foto_or_video`,`id_post`,`format`,`id_media_type`,`url`) VALUES (2,2,'jpg','1','D/content/foto');
INSERT INTO `foto_and_video` (`id_foto_or_video`,`id_post`,`format`,`id_media_type`,`url`) VALUES (3,3,'png','1','D/content/foto');
INSERT INTO `foto_and_video` (`id_foto_or_video`,`id_post`,`format`,`id_media_type`,`url`) VALUES (4,5,'avi','2','D/content/video');
INSERT INTO `foto_and_video` (`id_foto_or_video`,`id_post`,`format`,`id_media_type`,`url`) VALUES (5,6,'mpeg','2','D/content/video');
INSERT INTO `foto_and_video` (`id_foto_or_video`,`id_post`,`format`,`id_media_type`,`url`) VALUES (6,7,'png','1','D/content/foto');
INSERT INTO `foto_and_video` (`id_foto_or_video`,`id_post`,`format`,`id_media_type`,`url`) VALUES (7,8,'mpeg','2','D/content/video');
INSERT INTO `foto_and_video` (`id_foto_or_video`,`id_post`,`format`,`id_media_type`,`url`) VALUES (8,9,'jpg','1','D/content/foto');
INSERT INTO `foto_and_video` (`id_foto_or_video`,`id_post`,`format`,`id_media_type`,`url`) VALUES (9,10,'avi','2','D/content/video');
INSERT INTO `foto_and_video` (`id_foto_or_video`,`id_post`,`format`,`id_media_type`,`url`) VALUES (10,4,'png','1','D/content/foto');

-- -----------------------------------------------------
-- Table `kostyuk_db`.`media_type`
-- -----------------------------------------------------
DROP TABLE IF EXISTS `kostyuk_db`.`media_type` ;

CREATE TABLE IF NOT EXISTS `kostyuk_db`.`media_type` (
  `id_media_type` INT UNSIGNED NOT NULL,
  `media_type` VARCHAR(45) NOT NULL COMMENT 'foto or video',
  PRIMARY KEY (`id_media_type`))
ENGINE = InnoDB;

INSERT INTO `media_type` (`id_media_type`, `media_type`) VALUE (1,'foto');
INSERT INTO `media_type` (`id_media_type`, `media_type`) VALUE (2,'video');

-----------------------------------------------------
-- Table `kostyuk_db`.`post`
-- -----------------------------------------------------
DROP TABLE IF EXISTS `kostyuk_db`.`post` ;

CREATE TABLE IF NOT EXISTS `kostyuk_db`.`post` (
  `id_post` INT UNSIGNED NOT NULL AUTO_INCREMENT,
  `id_user` INT UNSIGNED NOT NULL,
  `id_type_post` INT UNSIGNED NOT NULL,
  `date` DATETIME GENERATED ALWAYS AS (null) VIRTUAL,
  `description` TEXT(2000) NULL,
  PRIMARY KEY (`id_post`),
  INDEX `P.K_id_type_post_idx` (`id_type_post` ASC) VISIBLE,
  CONSTRAINT `P.K_id_user`
    FOREIGN KEY (`id_user`)
    REFERENCES `kostyuk_db`.`user` (`id_user`)
    ON DELETE NO ACTION
    ON UPDATE NO ACTION,
  CONSTRAINT `P.K_id_type_post`
    FOREIGN KEY (`id_type_post`)
    REFERENCES `kostyuk_db`.`type_post` (`id_type_post`)
    ON DELETE NO ACTION
    ON UPDATE NO ACTION)
ENGINE = InnoDB;

INSERT INTO `post` (`id_post`,`id_user`, `id_type_post`,`description`) VALUES (1,8,1,'hellow world');
INSERT INTO `post` (`id_post`,`id_user`, `id_type_post`,`description`) VALUES (2,8,1,'you can ');
INSERT INTO `post` (`id_post`,`id_user`, `id_type_post`,`description`) VALUES (3,8,2,NULL);
INSERT INTO `post` (`id_post`,`id_user`, `id_type_post`,`description`) VALUES (4,5,2,NULL);
INSERT INTO `post` (`id_post`,`id_user`, `id_type_post`,`description`) VALUES (5,3,1,'i see you');
INSERT INTO `post` (`id_post`,`id_user`, `id_type_post`,`description`) VALUES (6,4,2,NULL);
INSERT INTO `post` (`id_post`,`id_user`, `id_type_post`,`description`) VALUES (7,7,1,'mars');
INSERT INTO `post` (`id_post`,`id_user`, `id_type_post`,`description`) VALUES (8,7,1,'sun');
INSERT INTO `post` (`id_post`,`id_user`, `id_type_post`,`description`) VALUES (9,7,1,'world');
INSERT INTO `post` (`id_post`,`id_user`, `id_type_post`,`description`) VALUES (10,10,1,'okey');

-- -----------------------------------------------------
-- Table `kostyuk_db`.`preference`
-- -----------------------------------------------------
DROP TABLE IF EXISTS `kostyuk_db`.`preference` ;

CREATE TABLE IF NOT EXISTS `kostyuk_db`.`preference` (
  `id_user` INT UNSIGNED NOT NULL,
  `id_post` INT UNSIGNED NOT NULL,
  `date` DATETIME GENERATED ALWAYS AS (null) VIRTUAL,
  INDEX `P.K_id_post_preference_idx` (`id_post` ASC) VISIBLE,
  INDEX `P.K_id_user_preference_idx` (`id_user` ASC) VISIBLE,
  CONSTRAINT `P.K_id_post_preference`
    FOREIGN KEY (`id_post`)
    REFERENCES `kostyuk_db`.`post` (`id_post`)
    ON DELETE NO ACTION
    ON UPDATE NO ACTION,
  CONSTRAINT `P.K_id_user_preference`
    FOREIGN KEY (`id_user`)
    REFERENCES `kostyuk_db`.`user` (`id_user`)
    ON DELETE NO ACTION
    ON UPDATE NO ACTION)
ENGINE = InnoDB;

INSERT INTO `preference` (`id_user`,`id_post`) VALUES (1,7);
INSERT INTO `preference` (`id_user`,`id_post`) VALUES (1,8);
INSERT INTO `preference` (`id_user`,`id_post`) VALUES (1,9);
INSERT INTO `preference` (`id_user`,`id_post`) VALUES (2,1);
INSERT INTO `preference` (`id_user`,`id_post`) VALUES (3,2);
INSERT INTO `preference` (`id_user`,`id_post`) VALUES (4,3);
INSERT INTO `preference` (`id_user`,`id_post`) VALUES (5,1);
INSERT INTO `preference` (`id_user`,`id_post`) VALUES (5,3);
INSERT INTO `preference` (`id_user`,`id_post`) VALUES (7,2);
INSERT INTO `preference` (`id_user`,`id_post`) VALUES (10,4);

-- -----------------------------------------------------
-- Table `kostyuk_db`.`preference_comment`
-- -----------------------------------------------------
DROP TABLE IF EXISTS `kostyuk_db`.`preference_comment` ;

CREATE TABLE IF NOT EXISTS `kostyuk_db`.`preference_comment` (
  `id_comment` INT UNSIGNED NOT NULL,
  `id_user` INT UNSIGNED NOT NULL,
  INDEX `P.K_id_user_preference_comment_idx` (`id_user` ASC) VISIBLE,
  INDEX `P.K_id_comment_idx` (`id_comment` ASC) VISIBLE,
  CONSTRAINT `P.K_id_user_preference_comment`
    FOREIGN KEY (`id_user`)
    REFERENCES `kostyuk_db`.`user` (`id_user`)
    ON DELETE NO ACTION
    ON UPDATE NO ACTION,
  CONSTRAINT `P.K_id_comment`
    FOREIGN KEY (`id_comment`)
    REFERENCES `kostyuk_db`.`comment` (`id_comment`)
    ON DELETE NO ACTION
    ON UPDATE NO ACTION)
ENGINE = InnoDB;

INSERT INTO `preference_comment` (`id_comment`,`id_user`) VALUES (1,7);
INSERT INTO `preference_comment` (`id_comment`,`id_user`) VALUES (2,7);
INSERT INTO `preference_comment` (`id_comment`,`id_user`) VALUES (3,7);
INSERT INTO `preference_comment` (`id_comment`,`id_user`) VALUES (7,7);
INSERT INTO `preference_comment` (`id_comment`,`id_user`) VALUES (8,2);
INSERT INTO `preference_comment` (`id_comment`,`id_user`) VALUES (9,3);
INSERT INTO `preference_comment` (`id_comment`,`id_user`) VALUES (4,1);
INSERT INTO `preference_comment` (`id_comment`,`id_user`) VALUES (5,2);
INSERT INTO `preference_comment` (`id_comment`,`id_user`) VALUES (6,3);
INSERT INTO `preference_comment` (`id_comment`,`id_user`) VALUES (10,8);

-- -----------------------------------------------------
-- Table `kostyuk_db`.`tag`
-- -----------------------------------------------------
DROP TABLE IF EXISTS `kostyuk_db`.`tag` ;

CREATE TABLE IF NOT EXISTS `kostyuk_db`.`tag` (
  `id_user` INT UNSIGNED NOT NULL,
  `id_post` INT UNSIGNED NOT NULL,
  `tag` VARCHAR(45) NOT NULL,
  INDEX `P.K_id_user_tag_idx` (`id_user` ASC) VISIBLE,
  INDEX `P.K_id_post_tag_idx` (`id_post` ASC) VISIBLE,
  CONSTRAINT `P.K_id_post_tag`
    FOREIGN KEY (`id_post`)
    REFERENCES `kostyuk_db`.`post` (`id_post`)
    ON DELETE NO ACTION
    ON UPDATE NO ACTION,
  CONSTRAINT `P.K_id_user_tag`
    FOREIGN KEY (`id_user`)
    REFERENCES `kostyuk_db`.`user` (`id_user`)
    ON DELETE NO ACTION
    ON UPDATE NO ACTION)
ENGINE = InnoDB;

INSERT INTO `tag` (`id_user`,`id_post`,`tag`) VALUES (7,7,'mars');
INSERT INTO `tag` (`id_user`,`id_post`,`tag`) VALUES (7,8,'sun');
INSERT INTO `tag` (`id_user`,`id_post`,`tag`) VALUES (7,9,'world');
INSERT INTO `tag` (`id_user`,`id_post`,`tag`) VALUES (8,1,'hellow world');
INSERT INTO `tag` (`id_user`,`id_post`,`tag`) VALUES (8,2,'my friend');
INSERT INTO `tag` (`id_user`,`id_post`,`tag`) VALUES (8,3,'my home');
INSERT INTO `tag` (`id_user`,`id_post`,`tag`) VALUES (3,5,'my cat');
INSERT INTO `tag` (`id_user`,`id_post`,`tag`) VALUES (4,6,'eat');
INSERT INTO `tag` (`id_user`,`id_post`,`tag`) VALUES (5,4,'my dog');
INSERT INTO `tag` (`id_user`,`id_post`,`tag`) VALUES (10,10,'okey');

-- -----------------------------------------------------
-- Table `kostyuk_db`.`type_post`
-- -----------------------------------------------------
DROP TABLE IF EXISTS `kostyuk_db`.`type_post` ;

CREATE TABLE IF NOT EXISTS `kostyuk_db`.`type_post` (
  `id_type_post` INT UNSIGNED NOT NULL,
  `type` VARCHAR(45) NOT NULL COMMENT 'storis or post',
  PRIMARY KEY (`id_type_post`))
ENGINE = InnoDB;

INSERT INTO `type_post` (`id_type_post`, `type`) VALUES (1, 'post');
INSERT INTO `type_post` (`id_type_post`, `type`) VALUES (2, 'storis');


-- -----------------------------------------------------
-- Table `kostyuk_db`.`user`
-- -----------------------------------------------------
DROP TABLE IF EXISTS `kostyuk_db`.`user` ;

CREATE TABLE IF NOT EXISTS `kostyuk_db`.`user` (
  `id_user` INT UNSIGNED NOT NULL AUTO_INCREMENT,
  `nick_name` VARCHAR(45) NOT NULL,
  `foto` VARCHAR(255) NULL DEFAULT '0 or 1',
  `last_activity` DATETIME GENERATED ALWAYS AS (null) VIRTUAL,
  PRIMARY KEY (`id_user`),
  INDEX `CHECK` (`foto` ASC) VISIBLE)
ENGINE = InnoDB;

INSERT INTO `user` (`id_user`,`nick_name`,`foto`) VALUES (1,'vlad','pass.jpg');
INSERT INTO `user` (`id_user`,`nick_name`,`foto`) VALUES (2,'ihor',NULL);
INSERT INTO `user` (`id_user`,`nick_name`,`foto`) VALUES (3,'vita','pass.png');
INSERT INTO `user` (`id_user`,`nick_name`,`foto`) VALUES (4,'jummy','pass.png');
INSERT INTO `user` (`id_user`,`nick_name`,`foto`) VALUES (5,'ranold',NULL);
INSERT INTO `user` (`id_user`,`nick_name`,`foto`) VALUES (6,'live',NULL);
INSERT INTO `user` (`id_user`,`nick_name`,`foto`) VALUES (7,'nasa','pass.jpg');
INSERT INTO `user` (`id_user`,`nick_name`,`foto`) VALUES (8,'dog','dog.jpg');
INSERT INTO `user` (`id_user`,`nick_name`,`foto`) VALUES (9,'mars','pass.jpg');
INSERT INTO `user` (`id_user`,`nick_name`,`foto`) VALUES (10,'world',NULL);

-- -----------------------------------------------------
-- Table `kostyuk_db`.`user_log`
-- -----------------------------------------------------
DROP TABLE IF EXISTS `kostyuk_db`.`user_log` ;

CREATE TABLE IF NOT EXISTS `kostyuk_db`.`user_log` (
  `user_id` INT UNSIGNED NOT NULL,
  `data_event` DATETIME GENERATED ALWAYS AS (null) VIRTUAL,
  `log` VARCHAR(255) NOT NULL,
  INDEX `id_user` (`user_id` ASC) VISIBLE,
  CONSTRAINT `P.K_id_user_log`
    FOREIGN KEY (`user_id`)
    REFERENCES `kostyuk_db`.`user` (`id_user`)
    ON DELETE NO ACTION
    ON UPDATE NO ACTION)
ENGINE = InnoDB;

INSERT INTO `user_log` (`user_id`, `log`) VALUES (1,'exit');
INSERT INTO `user_log` (`user_id`, `log`) VALUES (2,'exit');
INSERT INTO `user_log` (`user_id`, `log`) VALUES (3,'comment post ');
INSERT INTO `user_log` (`user_id`, `log`) VALUES (4,'exit');
INSERT INTO `user_log` (`user_id`, `log`) VALUES (5,'exit');
INSERT INTO `user_log` (`user_id`, `log`) VALUES (6,'exit');
INSERT INTO `user_log` (`user_id`, `log`) VALUES (7,'comment post ');
INSERT INTO `user_log` (`user_id`, `log`) VALUES (8,'exit');
INSERT INTO `user_log` (`user_id`, `log`) VALUES (9,'exit');
INSERT INTO `user_log` (`user_id`, `log`) VALUES (10, 'comment post ');

-- -----------------------------------------------------
-- Table `kostyuk_db`.`user_security`
-- -----------------------------------------------------
DROP TABLE IF EXISTS `kostyuk_db`.`user_security` ;

CREATE TABLE IF NOT EXISTS `kostyuk_db`.`user_security` (
  `id_user` INT UNSIGNED NOT NULL,
  `password` VARCHAR(100) NOT NULL,
  `phone` VARCHAR(100) NULL,
  PRIMARY KEY (`id_user`),
  INDEX `user_security` (`id_user` ASC) INVISIBLE,
  UNIQUE INDEX `id_user_UNIQUE` (`id_user` ASC) VISIBLE,
  CONSTRAINT `P.K_id_user_security`
    FOREIGN KEY (`id_user`)
    REFERENCES `kostyuk_db`.`user` (`id_user`)
    ON DELETE NO ACTION
    ON UPDATE NO ACTION)
ENGINE = InnoDB;

INSERT INTO `user_security`  (`id_user`, `password`, `phone`) VALUES (1, '123', '0565545452');
INSERT INTO `user_security`  (`id_user`, `password`, `phone`) VALUES (2, '7525', '0678234567');
INSERT INTO `user_security`  (`id_user`, `password`, `phone`) VALUES (3, 'vita77', '0987234321');
INSERT INTO `user_security`  (`id_user`, `password`, `phone`) VALUES (4, '123566', '0996789234');
INSERT INTO `user_security`  (`id_user`, `password`, `phone`) VALUES (5, '0753', '0992347689');
INSERT INTO `user_security`  (`id_user`, `password`, `phone`) VALUES (6, 'live5674', '0789768291');
INSERT INTO `user_security`  (`id_user`, `password`, `phone`) VALUES (7, 'nasa-nasa', '0999234845');
INSERT INTO `user_security`  (`id_user`, `password`, `phone`) VALUES (8, 'mydog', '0995934562');
INSERT INTO `user_security`  (`id_user`, `password`, `phone`) VALUES (9, 'mars421', '0675678911');
INSERT INTO `user_security`  (`id_user`, `password`, `phone`) VALUES (10, 'woeld12', '0995600234');

SET SQL_MODE=@OLD_SQL_MODE;
SET FOREIGN_KEY_CHECKS=@OLD_FOREIGN_KEY_CHECKS;
SET UNIQUE_CHECKS=@OLD_UNIQUE_CHECKS;